OrderID,ProductID,Quantity,UnitCost,UnitPrice
ORD1001,PRD16,9,171.34,236.07
ORD1002,PRD01,7,189.7,255.2
ORD1002,PRD03,4,164.43,293.76
ORD1003,PRD16,8,80.79,146.45
ORD1003,PRD20,2,158.6,218.31
ORD1004,PRD12,6,15.34,27.39
ORD1004,PRD25,9,66.96,101.35
ORD1004,PRD13,2,125.61,196.24
ORD1005,PRD09,10,47.54,63.81
ORD1005,PRD20,7,141.8,189.73
ORD1005,PRD22,9,329.31,469.78
ORD1006,PRD20,9,113.67,203.69
ORD1007,PRD05,6,263.48,402.96
ORD1008,PRD20,9,54.62,74.19
ORD1009,PRD06,10,226.23,370.96
ORD1009,PRD13,6,166.98,256.12
ORD1010,PRD23,5,132.84,240.07
ORD1010,PRD19,6,252.54,338.53
ORD1011,PRD10,1,181.22,300.47
ORD1011,PRD26,10,201.99,290.93
ORD1011,PRD24,10,159.01,242.82
ORD1012,PRD20,3,246.39,411.72
ORD1012,PRD25,10,271.32,474.36
ORD1012,PRD13,1,141.52,223.31
ORD1013,PRD23,7,170.36,253.4
ORD1013,PRD07,8,304.69,437.04
ORD1014,PRD23,3,173.32,261.75
ORD1015,PRD16,6,307.2,478.56
ORD1015,PRD17,9,108.31,174.45
ORD1015,PRD13,5,180.65,306.99
ORD1016,PRD09,9,112.78,152.76
ORD1017,PRD25,4,224.57,346.67
ORD1017,PRD10,8,130.89,177.66
ORD1018,PRD09,10,212.78,339.93
ORD1018,PRD10,7,303.85,410.1
ORD1018,PRD04,3,90.38,148.77
ORD1019,PRD03,5,222.26,374.93
ORD1019,PRD12,9,92.21,139.21
ORD1019,PRD15,5,49.11,72.95
ORD1020,PRD08,9,69.63,116.71
ORD1020,PRD02,2,145.34,209.58
ORD1020,PRD22,2,197.61,342.19
ORD1021,PRD06,8,142.36,241.34
ORD1021,PRD14,5,111.37,163.98
ORD1021,PRD21,2,195.57,327.89
ORD1022,PRD24,7,258.47,441.71
ORD1022,PRD02,1,313.82,498.6
ORD1022,PRD06,8,68.03,97.22
ORD1023,PRD02,5,163.52,286.14
ORD1023,PRD01,6,109.08,145.86
ORD1024,PRD17,9,139.3,236.67
ORD1024,PRD16,2,117.45,168.69
ORD1024,PRD05,5,199.41,360.71
ORD1025,PRD26,10,199.45,338.83
ORD1025,PRD10,10,312.76,428.79
ORD1026,PRD17,2,115.76,203.41
ORD1026,PRD11,3,177.91,241.34
ORD1027,PRD09,7,85.2,121.58
ORD1028,PRD10,10,7.26,10.66
ORD1028,PRD19,4,20.51,35.75
ORD1029,PRD06,9,336.09,461.94
ORD1029,PRD13,5,234.97,346.69
ORD1030,PRD12,4,65.44,113.47
ORD1030,PRD20,3,172.14,230.21
ORD1031,PRD14,9,320.45,456.83
ORD1031,PRD23,4,262.16,382.12
ORD1032,PRD26,8,165.83,266.45
ORD1032,PRD03,10,43.33,60.54
ORD1032,PRD17,9,69.07,105.07
ORD1033,PRD11,9,153.48,223.71
ORD1034,PRD19,9,126.54,225.51
ORD1034,PRD16,3,166.15,259.06
ORD1034,PRD03,1,192.77,281.6
ORD1035,PRD24,7,72.11,130.96
ORD1035,PRD01,4,162.83,291.26
ORD1036,PRD23,9,366.31,497.09
ORD1036,PRD03,2,317.79,493.14
ORD1037,PRD14,3,286.4,384.08
ORD1037,PRD06,7,138.63,190.36
ORD1038,PRD13,9,51.14,70.83
ORD1038,PRD03,2,61.37,93.34
ORD1039,PRD05,1,282.85,379.31
ORD1039,PRD24,8,222.95,338.38
ORD1039,PRD08,9,114.86,192.74
ORD1040,PRD12,5,71.27,98.3
ORD1040,PRD05,2,14.29,20.95
ORD1041,PRD25,4,25.62,38.31
ORD1041,PRD01,8,207.82,300.9
ORD1041,PRD08,1,70.49,126.14
ORD1042,PRD08,4,266.87,378.42
ORD1042,PRD18,3,154.66,254.43
ORD1043,PRD19,6,88.68,122.27
ORD1043,PRD11,9,69.81,114.42
ORD1043,PRD20,1,187.52,280.58
ORD1044,PRD06,7,156.71,280.15
ORD1044,PRD21,6,322.35,471.09
ORD1044,PRD22,9,103.08,162.77
ORD1045,PRD10,7,63.14,96.02
ORD1046,PRD08,5,248.61,429.48
ORD1047,PRD02,7,320.18,484.05
ORD1047,PRD18,3,118.56,197.27
ORD1048,PRD21,8,241.23,424.33
ORD1048,PRD03,4,19.08,30.51
ORD1049,PRD20,4,269.21,403.3
ORD1049,PRD02,9,66.53,112.42
ORD1049,PRD03,6,113.49,155.08
ORD1050,PRD07,2,262.62,374.71
ORD1051,PRD23,10,222.39,353.37
ORD1052,PRD18,6,243.49,388.88
ORD1053,PRD21,5,132.98,183.02
ORD1053,PRD12,8,40.16,53.81
ORD1053,PRD10,8,234.57,382.01
ORD1054,PRD12,6,139.06,209.9
ORD1055,PRD24,3,8.61,13.03
ORD1056,PRD19,5,49.55,80.44
ORD1056,PRD24,7,171.98,287.05
ORD1056,PRD14,9,226.03,329.03
ORD1057,PRD25,8,162.37,233.11
ORD1057,PRD16,6,61.63,88.79
ORD1058,PRD06,1,189.75,264.35
ORD1058,PRD18,2,323.27,472.87
ORD1059,PRD14,3,251.67,422.06
ORD1060,PRD05,9,129.69,230.72
ORD1060,PRD01,10,311.48,456.81
ORD1060,PRD07,1,5.46,8.27
ORD1061,PRD01,9,238.21,362.49
ORD1062,PRD01,7,295.75,404.05
ORD1062,PRD17,2,300.87,459.43
ORD1063,PRD07,10,189.38,265.6
ORD1064,PRD26,2,119.71,189.66
ORD1064,PRD13,10,86.45,125.39
ORD1065,PRD22,1,32.09,51.28
ORD1065,PRD03,9,162.98,240.62
ORD1066,PRD06,7,199.81,324.23
ORD1066,PRD03,2,328.7,447.92
ORD1066,PRD16,4,79.35,109.65
ORD1067,PRD16,2,208.36,343.79
ORD1067,PRD09,9,158.04,283.94
ORD1067,PRD02,6,7.54,12.75
ORD1068,PRD25,7,283.45,464.79
ORD1069,PRD08,9,118.64,169.21
ORD1069,PRD19,3,272.6,396.3
ORD1069,PRD13,2,188.37,252.89
ORD1070,PRD04,7,67.77,119.91
ORD1071,PRD25,6,11.89,19.66
ORD1071,PRD20,8,153.96,247.85
ORD1071,PRD13,7,150.06,218.76
ORD1072,PRD13,10,90.62,151.21
ORD1072,PRD03,2,26.49,45.61
ORD1072,PRD25,3,227.63,371.13
ORD1073,PRD03,1,301.44,471.77
ORD1074,PRD04,2,62.54,97.76
ORD1074,PRD05,9,147.61,258.66
ORD1075,PRD12,9,34.2,51.07
ORD1076,PRD13,5,148.11,209.84
ORD1076,PRD01,9,337.83,453.08
ORD1077,PRD17,7,53.68,88.9
ORD1077,PRD06,5,140.16,249.1
ORD1077,PRD22,7,86.37,141.6
ORD1078,PRD12,5,327.92,472.39
ORD1079,PRD20,8,35.4,57.95
ORD1079,PRD07,7,114.22,169.45
ORD1080,PRD15,7,295.01,408.66
ORD1080,PRD11,10,44.45,72.38
ORD1081,PRD07,3,358.83,482.46
ORD1081,PRD16,5,249.5,368.76
ORD1081,PRD11,10,241.2,392.08
ORD1082,PRD26,6,40.67,61.37
ORD1082,PRD13,10,292.2,498.65
ORD1083,PRD01,4,135.06,222.04
ORD1083,PRD24,2,291.02,410.39
ORD1083,PRD15,7,195.38,338.12
ORD1084,PRD08,3,254.13,359.04
ORD1084,PRD09,2,152.19,227.29
ORD1085,PRD13,7,194.1,274.1
ORD1085,PRD18,6,251.01,352.31
ORD1085,PRD17,10,181.95,320.9
ORD1086,PRD22,6,58.74,87.34
ORD1087,PRD21,6,307.25,483.03
ORD1087,PRD22,1,31.98,53.81
ORD1087,PRD13,9,193.34,281.21
ORD1088,PRD15,6,139.91,198.61
ORD1089,PRD23,6,322.54,498.86
ORD1089,PRD17,5,156.57,210.91
ORD1089,PRD05,2,289.9,416.5
ORD1090,PRD10,8,257.25,393.21
ORD1090,PRD11,6,153.48,240.7
ORD1091,PRD15,5,18.77,27.12
ORD1091,PRD11,1,289.06,425.34
ORD1091,PRD03,3,324.83,465.31
ORD1092,PRD06,9,138.79,216.05
ORD1092,PRD18,7,186.01,316.73
ORD1092,PRD11,7,140.06,200.81
ORD1093,PRD15,10,119.89,217.63
ORD1094,PRD07,5,268.61,377.4
ORD1095,PRD19,2,263.44,400.75
ORD1096,PRD11,8,42.01,61.41
ORD1096,PRD07,8,180.45,266.22
ORD1097,PRD13,2,127.44,177.22
ORD1097,PRD20,10,61.9,90.4
ORD1097,PRD19,5,307.13,459.75
ORD1098,PRD05,4,91.6,156.16
ORD1098,PRD11,3,163.39,257.86
ORD1098,PRD04,3,183.74,289.53
ORD1099,PRD21,3,181.21,279.68
ORD1099,PRD18,3,70.12,97.61
ORD1100,PRD02,8,51.75,72.58
ORD1100,PRD12,9,165.62,255.19
ORD1100,PRD01,8,151.31,210.74
ORD1101,PRD06,10,14.24,20.28
ORD1101,PRD03,5,12.6,21.18
ORD1102,PRD06,8,200.79,285.0
ORD1102,PRD25,8,158.68,277.11
ORD1103,PRD09,9,257.15,412.52
ORD1104,PRD25,8,206.02,275.44
ORD1105,PRD24,4,114.26,152.37
ORD1106,PRD09,2,166.49,222.34
ORD1106,PRD12,4,75.95,108.89
ORD1107,PRD12,7,50.37,87.16
ORD1107,PRD23,4,289.91,407.7
ORD1107,PRD20,10,108.3,178.65
ORD1108,PRD06,5,89.45,148.22
ORD1108,PRD11,9,338.01,492.82
ORD1108,PRD23,2,50.49,72.12
ORD1109,PRD02,3,203.06,352.21
ORD1109,PRD09,3,255.6,357.14
ORD1110,PRD13,10,214.86,318.04
ORD1110,PRD16,7,154.79,228.74
ORD1110,PRD05,2,143.08,204.41
ORD1111,PRD12,6,212.12,293.07
ORD1111,PRD15,2,235.38,366.81
ORD1111,PRD16,6,301.95,425.8
ORD1112,PRD07,4,153.57,249.88
ORD1112,PRD14,5,114.61,172.19
ORD1113,PRD16,1,18.73,27.74
ORD1113,PRD26,8,9.61,13.06
ORD1113,PRD11,3,122.92,223.44
ORD1114,PRD07,3,269.58,441.66
ORD1114,PRD23,5,31.85,51.2
ORD1115,PRD12,3,20.68,30.63
ORD1116,PRD23,7,227.58,329.47
ORD1116,PRD25,1,62.58,110.64
ORD1116,PRD08,10,80.23,116.96
ORD1117,PRD01,6,306.13,409.47
ORD1118,PRD23,8,25.1,40.06
ORD1118,PRD05,2,34.97,56.08
ORD1119,PRD05,3,221.11,322.58
ORD1119,PRD13,2,147.63,267.6
ORD1120,PRD06,4,183.31,315.9
ORD1120,PRD15,7,197.9,309.96
ORD1120,PRD12,4,27.31,47.91
ORD1121,PRD19,7,113.83,179.01
ORD1122,PRD08,5,194.34,324.09
ORD1123,PRD20,1,289.52,424.71
ORD1123,PRD24,5,71.64,106.7
ORD1123,PRD10,4,228.53,375.18
ORD1124,PRD26,4,143.12,249.97
ORD1125,PRD21,2,198.69,266.5
ORD1125,PRD20,6,269.34,467.29
ORD1126,PRD14,3,283.43,382.55
ORD1126,PRD12,2,7.47,13.26
ORD1126,PRD18,5,82.11,111.79
ORD1127,PRD17,9,244.19,384.72
ORD1127,PRD10,7,30.1,45.8
ORD1128,PRD05,5,32.39,44.12
ORD1128,PRD09,3,169.92,270.51
ORD1128,PRD03,2,101.06,158.53
ORD1129,PRD02,4,30.37,47.68
ORD1130,PRD20,5,228.14,334.71
ORD1130,PRD02,3,44.34,64.12
ORD1131,PRD01,6,186.46,263.89
ORD1131,PRD06,5,50.43,87.65
ORD1131,PRD16,5,210.97,367.8
ORD1132,PRD11,7,78.58,139.63
ORD1133,PRD19,8,143.26,230.32
ORD1133,PRD21,8,251.07,430.38
ORD1133,PRD03,3,74.91,131.28
ORD1134,PRD22,4,204.62,371.69
ORD1134,PRD24,1,81.22,126.05
ORD1134,PRD04,7,269.76,460.51
ORD1135,PRD18,7,69.64,116.14
ORD1136,PRD11,10,123.28,189.54
ORD1136,PRD09,1,66.67,93.78
ORD1136,PRD03,1,269.08,477.27
ORD1137,PRD10,5,110.33,167.01
ORD1137,PRD25,1,114.13,187.62
ORD1138,PRD24,4,156.82,234.64
ORD1138,PRD20,8,351.81,498.9
ORD1139,PRD18,4,58.57,79.53
ORD1139,PRD25,1,74.52,120.33
ORD1139,PRD26,1,261.8,475.74
ORD1140,PRD13,2,79.57,106.57
ORD1140,PRD24,7,139.68,248.55
ORD1140,PRD10,3,203.15,357.27
ORD1141,PRD17,7,219.77,351.92
ORD1142,PRD03,9,50.76,71.09
ORD1142,PRD19,2,167.61,297.99
ORD1142,PRD04,3,73.59,122.2
ORD1143,PRD26,6,98.18,162.44
ORD1143,PRD13,2,272.48,472.06
ORD1144,PRD04,8,148.8,235.7
ORD1144,PRD05,9,128.39,182.35
ORD1144,PRD06,8,95.04,157.61
ORD1145,PRD03,3,247.24,404.76
ORD1146,PRD23,4,257.78,418.78
ORD1146,PRD20,2,265.51,357.02
ORD1146,PRD02,7,177.64,259.16
ORD1147,PRD06,7,283.01,428.03
ORD1147,PRD01,9,82.67,128.68
ORD1148,PRD04,1,25.09,35.53
ORD1149,PRD05,4,257.72,412.72
ORD1150,PRD21,10,94.85,133.12
ORD1150,PRD03,1,293.94,498.59
ORD1150,PRD19,8,230.54,405.6
ORD1151,PRD04,8,22.1,30.07
ORD1151,PRD02,7,258.98,411.73
ORD1152,PRD13,7,53.69,90.54
ORD1153,PRD09,5,130.89,225.78
ORD1154,PRD20,5,183.06,251.95
ORD1154,PRD08,8,21.32,35.18
ORD1154,PRD21,3,144.2,212.52
ORD1155,PRD08,9,297.99,398.45
ORD1155,PRD21,6,171.23,242.44
ORD1155,PRD26,6,297.13,456.78
ORD1156,PRD09,1,96.7,162.84
ORD1156,PRD06,5,25.44,34.0
ORD1157,PRD12,4,277.67,487.12
ORD1157,PRD25,4,97.67,136.93
ORD1157,PRD19,1,283.4,383.2
ORD1158,PRD26,3,61.62,92.17
ORD1158,PRD13,6,254.16,457.42
ORD1158,PRD12,6,314.16,474.04
ORD1159,PRD07,9,102.38,157.98
ORD1159,PRD26,2,21.99,32.8
ORD1159,PRD16,1,146.11,265.59
ORD1160,PRD07,6,264.06,359.88
ORD1160,PRD26,6,19.98,34.48
ORD1160,PRD05,3,279.31,388.31
ORD1161,PRD03,7,182.16,295.08
ORD1161,PRD12,6,42.18,72.54
ORD1162,PRD26,8,190.86,326.34
ORD1162,PRD21,9,256.28,348.31
ORD1163,PRD08,10,255.37,408.15
ORD1163,PRD22,5,47.34,68.04
ORD1164,PRD19,10,14.1,21.03
ORD1164,PRD13,10,75.82,114.34
ORD1164,PRD25,8,52.16,74.62
ORD1165,PRD12,6,64.05,88.1
ORD1166,PRD23,6,136.34,226.08
ORD1167,PRD23,2,126.26,178.49
ORD1168,PRD01,8,273.45,367.63
ORD1168,PRD02,7,155.86,249.08
ORD1168,PRD13,9,136.57,190.8
ORD1169,PRD21,4,48.29,85.51
ORD1169,PRD25,1,92.66,150.98
ORD1169,PRD22,2,24.37,41.73
ORD1170,PRD06,2,201.22,275.79
ORD1170,PRD24,2,128.71,172.29
ORD1171,PRD23,7,274.89,471.51
ORD1171,PRD01,7,47.2,82.77
ORD1172,PRD07,7,243.12,350.11
ORD1173,PRD18,5,86.64,152.21
ORD1173,PRD09,7,206.8,288.03
ORD1173,PRD22,3,17.61,31.98
ORD1174,PRD10,10,138.23,242.76
ORD1175,PRD06,5,315.03,488.64
ORD1176,PRD10,7,173.58,238.12
ORD1177,PRD03,9,122.86,196.83
ORD1177,PRD21,7,120.07,187.85
ORD1178,PRD15,4,277.97,419.35
ORD1178,PRD09,3,257.92,377.36
ORD1179,PRD22,6,256.31,405.05
ORD1180,PRD08,7,259.9,410.11
ORD1180,PRD18,9,254.43,345.1
ORD1180,PRD02,10,284.83,441.42
ORD1181,PRD13,1,185.11,253.54
ORD1182,PRD22,2,303.83,474.88
ORD1182,PRD20,3,346.04,486.22
ORD1182,PRD05,3,14.78,26.12
ORD1183,PRD14,3,251.39,417.88
ORD1183,PRD07,2,31.79,48.08
ORD1183,PRD21,9,100.73,166.43
ORD1184,PRD01,10,208.97,295.85
ORD1184,PRD26,2,121.81,210.15
ORD1185,PRD19,2,161.67,283.53
ORD1185,PRD25,5,315.39,434.4
ORD1185,PRD04,7,92.44,135.75
ORD1186,PRD20,3,81.8,141.33
ORD1186,PRD16,10,215.58,342.0
ORD1186,PRD02,7,274.46,445.34
ORD1187,PRD02,8,336.12,460.81
ORD1188,PRD11,5,114.2,158.92
ORD1189,PRD22,3,107.43,153.74
ORD1189,PRD04,6,87.63,138.36
ORD1189,PRD08,2,58.06,98.03
ORD1190,PRD24,9,310.15,434.26
ORD1190,PRD16,9,223.44,396.79
ORD1191,PRD17,9,244.7,440.27
ORD1191,PRD13,4,258.61,438.21
ORD1191,PRD05,1,82.41,128.5
ORD1192,PRD23,5,120.42,187.33
ORD1192,PRD07,7,183.66,319.53
ORD1193,PRD08,6,157.86,246.95
ORD1194,PRD19,6,125.85,175.4
ORD1194,PRD18,5,258.42,375.74
ORD1195,PRD01,1,56.9,85.64
ORD1195,PRD13,4,291.68,429.27
ORD1196,PRD07,7,187.29,259.07
ORD1196,PRD09,1,138.17,239.68
ORD1196,PRD21,3,166.93,302.57
ORD1197,PRD20,5,247.56,357.81
ORD1197,PRD26,5,134.3,214.78
ORD1198,PRD15,4,161.78,236.02
ORD1198,PRD09,10,115.0,201.59
ORD1199,PRD22,10,186.86,306.48
ORD1199,PRD12,2,150.28,243.46
ORD1199,PRD18,5,232.65,322.09
ORD1200,PRD21,5,64.2,98.24
ORD1200,PRD23,4,320.24,450.35
ORD1201,PRD13,3,246.58,362.04
ORD1201,PRD22,5,84.55,133.42
ORD1201,PRD11,7,246.43,369.68
ORD1202,PRD07,4,233.61,344.73
ORD1202,PRD11,8,310.52,453.73
ORD1202,PRD24,9,89.7,153.6
ORD1203,PRD18,2,166.2,238.04
ORD1203,PRD06,9,224.46,382.64
ORD1203,PRD10,6,195.54,328.95
ORD1204,PRD24,5,155.02,213.13
ORD1205,PRD09,5,134.53,234.56
ORD1205,PRD19,1,289.26,433.86
ORD1206,PRD03,9,44.13,64.31
ORD1206,PRD16,9,85.63,152.69
ORD1206,PRD07,3,43.07,73.0
ORD1207,PRD19,3,112.02,161.61
ORD1207,PRD15,2,166.58,246.35
ORD1208,PRD11,1,4.43,7.33
ORD1209,PRD19,3,173.81,247.34
ORD1210,PRD05,10,139.7,219.69
ORD1211,PRD16,1,13.96,23.67
ORD1211,PRD13,6,346.19,475.28
ORD1212,PRD07,1,189.05,315.21
ORD1212,PRD01,6,91.0,159.49
ORD1212,PRD22,9,172.92,296.39
ORD1213,PRD10,5,150.88,230.68
ORD1214,PRD11,3,127.54,174.65
ORD1214,PRD14,6,219.38,376.31
ORD1214,PRD22,7,8.61,14.47
ORD1215,PRD07,1,173.33,296.9
ORD1216,PRD23,1,129.32,190.72
ORD1216,PRD21,9,209.63,313.45
ORD1217,PRD22,2,181.98,328.52
ORD1218,PRD04,7,39.74,66.18
ORD1218,PRD14,3,73.33,106.72
ORD1218,PRD15,1,105.11,154.05
ORD1219,PRD17,10,223.0,351.86
ORD1219,PRD09,2,173.93,258.23
ORD1219,PRD20,5,35.1,61.44
ORD1220,PRD20,4,279.42,390.09
ORD1221,PRD12,7,84.35,151.2
ORD1222,PRD07,8,92.85,168.65
ORD1222,PRD23,2,325.47,453.91
ORD1223,PRD16,9,29.28,42.15
ORD1223,PRD05,5,207.77,323.95
ORD1223,PRD03,5,76.02,135.74
ORD1224,PRD02,5,125.63,183.31
ORD1225,PRD24,2,310.42,426.37
ORD1225,PRD04,1,291.32,426.74
ORD1226,PRD11,6,331.82,447.79
ORD1227,PRD24,6,239.56,408.41
ORD1227,PRD03,7,130.26,203.12
ORD1228,PRD23,7,231.39,326.18
ORD1228,PRD16,2,49.08,70.59
ORD1229,PRD04,7,294.86,456.06
ORD1230,PRD22,10,119.98,192.98
ORD1230,PRD15,1,313.61,431.98
ORD1230,PRD06,3,158.1,244.12
ORD1231,PRD15,2,82.43,134.5
ORD1231,PRD02,9,256.11,384.93
ORD1232,PRD08,9,182.15,263.94
ORD1232,PRD22,2,152.46,219.26
ORD1232,PRD11,8,120.71,176.15
ORD1233,PRD05,10,21.72,32.01
ORD1233,PRD18,3,164.35,255.26
ORD1234,PRD06,8,100.87,163.71
ORD1234,PRD03,5,17.79,29.92
ORD1235,PRD13,8,149.45,224.87
ORD1235,PRD08,2,274.31,429.01
ORD1235,PRD03,2,342.83,490.43
ORD1236,PRD04,7,138.31,209.11
ORD1237,PRD03,10,326.4,481.77
ORD1238,PRD18,8,296.04,475.43
ORD1238,PRD07,1,294.17,409.21
ORD1238,PRD21,6,190.24,282.27
ORD1239,PRD23,6,205.85,359.38
ORD1239,PRD22,4,3.78,6.09
ORD1240,PRD26,9,108.59,190.08
ORD1240,PRD10,3,177.7,248.75
ORD1240,PRD18,7,38.95,57.95
ORD1241,PRD04,7,79.87,111.72
ORD1242,PRD23,6,36.92,58.34
ORD1243,PRD22,8,154.55,231.41
ORD1243,PRD19,9,46.55,71.64
ORD1243,PRD04,9,244.06,369.43
ORD1244,PRD19,9,286.69,391.64
ORD1244,PRD16,10,64.86,90.96
ORD1245,PRD13,10,187.41,305.05
ORD1246,PRD14,4,104.3,140.43
ORD1246,PRD20,5,132.15,229.16
ORD1247,PRD20,9,105.59,152.96
ORD1247,PRD23,6,263.43,357.38
ORD1248,PRD07,5,253.22,344.87
ORD1248,PRD20,3,333.73,490.76
ORD1248,PRD23,3,175.27,254.43
ORD1249,PRD23,6,188.86,283.33
ORD1249,PRD04,7,246.87,338.75
ORD1250,PRD10,1,146.4,263.75
ORD1250,PRD14,3,17.55,31.27
ORD1250,PRD26,5,219.1,376.34
ORD1251,PRD22,3,289.35,420.49
ORD1251,PRD09,5,69.76,105.98
ORD1252,PRD15,10,303.36,434.68
ORD1252,PRD04,4,246.68,372.49
ORD1253,PRD17,5,194.67,348.0
ORD1254,PRD13,6,270.9,483.09
ORD1254,PRD14,5,76.38,105.53
ORD1255,PRD08,6,249.74,378.78
ORD1255,PRD21,10,71.06,102.25
ORD1256,PRD10,8,63.73,92.83
ORD1257,PRD06,9,35.76,64.08
ORD1258,PRD18,3,60.89,84.66
ORD1258,PRD09,1,116.68,168.63
ORD1259,PRD02,3,311.04,464.67
ORD1260,PRD20,8,261.37,396.0
ORD1260,PRD22,2,241.2,393.1
ORD1260,PRD10,4,313.13,478.71
ORD1261,PRD06,9,126.88,204.69
ORD1261,PRD14,4,205.41,333.35
ORD1261,PRD18,5,79.25,113.13
ORD1262,PRD16,1,38.26,61.79
ORD1262,PRD18,4,304.57,452.73
ORD1262,PRD25,10,70.13,125.69
ORD1263,PRD13,2,128.98,196.01
ORD1263,PRD26,5,11.26,17.23
ORD1264,PRD17,9,126.03,225.55
ORD1264,PRD26,4,92.65,163.55
ORD1265,PRD06,9,181.64,268.94
ORD1266,PRD22,4,274.98,433.15
ORD1267,PRD07,9,301.34,415.23
ORD1268,PRD25,2,217.61,374.71
ORD1268,PRD14,8,200.64,359.85
ORD1268,PRD21,2,22.58,31.86
ORD1269,PRD03,5,132.39,206.78
ORD1269,PRD19,7,121.38,219.35
ORD1269,PRD08,2,182.96,269.74
ORD1270,PRD03,10,19.81,27.53
ORD1270,PRD25,6,265.27,464.38
ORD1270,PRD24,5,185.07,305.25
ORD1271,PRD13,1,157.36,239.62
ORD1271,PRD22,3,265.75,374.64
ORD1272,PRD10,5,249.35,340.26
ORD1272,PRD21,6,264.47,478.91
ORD1272,PRD05,9,41.87,74.98
ORD1273,PRD20,9,289.43,473.75
ORD1273,PRD13,6,80.28,109.81
ORD1273,PRD18,9,44.32,75.52
ORD1274,PRD09,3,223.67,337.13
ORD1274,PRD07,1,314.06,426.44
ORD1274,PRD04,9,153.98,233.33
ORD1275,PRD22,5,37.27,53.61
ORD1275,PRD03,8,295.81,476.01
ORD1276,PRD21,5,227.52,311.66
ORD1276,PRD08,6,151.15,245.5
ORD1276,PRD04,5,202.16,348.26
ORD1277,PRD12,7,54.21,88.48
ORD1277,PRD26,4,242.47,357.54
ORD1277,PRD11,5,242.77,420.85
ORD1278,PRD11,8,111.57,182.58
ORD1278,PRD16,9,39.98,58.87
ORD1278,PRD15,2,304.35,421.69
ORD1279,PRD18,4,98.4,135.3
ORD1280,PRD24,2,321.51,446.59
ORD1281,PRD01,10,61.48,110.32
ORD1281,PRD19,5,205.45,274.02
ORD1281,PRD13,8,190.54,328.68
ORD1282,PRD08,10,223.79,367.95
ORD1282,PRD25,8,143.77,253.06
ORD1283,PRD17,4,302.13,424.75
ORD1283,PRD01,10,241.06,343.66
ORD1284,PRD15,3,69.3,93.68
ORD1285,PRD05,6,17.56,25.01
ORD1285,PRD24,4,22.53,36.12
ORD1285,PRD16,1,219.57,335.95
ORD1286,PRD13,8,246.28,441.37
ORD1286,PRD16,6,41.72,56.1
ORD1287,PRD09,9,179.61,287.23
ORD1287,PRD24,7,126.48,185.82
ORD1287,PRD19,2,163.04,260.75
ORD1288,PRD17,7,130.01,179.68
ORD1289,PRD26,10,6.01,8.27
ORD1289,PRD16,8,49.17,86.97
ORD1290,PRD09,3,55.57,82.89
ORD1290,PRD07,2,210.29,332.25
ORD1290,PRD05,6,233.66,361.53
ORD1291,PRD16,10,60.79,84.82
ORD1291,PRD07,1,72.3,125.62
ORD1292,PRD06,9,16.21,24.4
ORD1292,PRD05,1,64.15,87.34
ORD1292,PRD21,9,321.09,479.33
ORD1293,PRD21,5,281.17,473.89
ORD1293,PRD01,10,359.14,496.42
ORD1293,PRD24,3,71.81,113.59
ORD1294,PRD26,10,241.07,411.12
ORD1295,PRD17,6,308.93,461.56
ORD1295,PRD09,2,74.47,118.76
ORD1295,PRD06,2,8.64,13.2
ORD1296,PRD22,10,33.98,52.67
ORD1296,PRD14,10,219.05,301.91
ORD1296,PRD05,9,145.76,254.15
ORD1297,PRD22,10,149.64,271.95
ORD1297,PRD05,7,164.39,263.41
ORD1298,PRD23,9,160.32,217.33
ORD1299,PRD26,7,126.91,178.51
ORD1299,PRD25,10,30.78,53.37
ORD1300,PRD25,2,105.34,145.22
ORD1300,PRD08,7,73.08,132.61
ORD1301,PRD26,9,34.92,63.33
ORD1301,PRD01,4,211.82,345.44
ORD1301,PRD19,6,36.69,57.76
ORD1302,PRD09,10,112.54,185.99
ORD1302,PRD18,7,239.59,378.71
ORD1302,PRD14,9,152.15,243.82
ORD1303,PRD16,10,121.26,175.46
ORD1303,PRD09,3,291.98,428.22
ORD1303,PRD10,4,155.95,226.06
ORD1304,PRD04,4,181.49,256.63
ORD1305,PRD20,1,62.83,84.57
ORD1305,PRD23,1,288.12,403.16
ORD1305,PRD22,8,295.16,463.3
ORD1306,PRD09,4,126.68,188.56
ORD1307,PRD13,9,109.03,146.8
ORD1307,PRD20,1,337.84,473.13
ORD1307,PRD21,8,131.23,222.29
ORD1308,PRD26,4,14.5,21.64
ORD1308,PRD17,9,236.05,350.73
ORD1308,PRD10,1,124.67,183.07
ORD1309,PRD03,5,242.63,390.94
ORD1310,PRD13,4,182.21,261.28
ORD1310,PRD19,2,303.56,459.99
ORD1311,PRD18,6,291.65,481.83
ORD1311,PRD19,10,308.75,481.71
ORD1311,PRD12,7,174.39,289.58
ORD1312,PRD17,9,24.86,40.83
ORD1312,PRD04,2,298.36,402.46
ORD1313,PRD26,8,320.18,483.2
ORD1313,PRD19,4,282.02,379.95
ORD1313,PRD09,8,249.71,342.39
ORD1314,PRD16,2,83.09,132.62
ORD1315,PRD22,4,253.68,401.08
ORD1316,PRD17,1,212.09,351.91
ORD1316,PRD18,5,34.95,51.04
ORD1317,PRD03,3,149.52,240.89
ORD1317,PRD18,10,102.18,138.19
ORD1318,PRD07,4,72.56,121.26
ORD1318,PRD16,5,63.4,107.36
ORD1318,PRD24,4,260.28,418.99
ORD1319,PRD04,2,231.79,339.53
ORD1320,PRD01,1,265.16,424.77
ORD1320,PRD25,6,185.8,248.71
ORD1320,PRD18,10,281.98,435.04
ORD1321,PRD09,10,44.86,68.48
ORD1321,PRD13,7,159.12,241.77
ORD1321,PRD08,9,127.74,176.91
ORD1322,PRD15,2,225.11,350.63
ORD1323,PRD01,7,179.97,292.6
ORD1323,PRD22,10,253.54,431.61
ORD1323,PRD07,5,78.85,122.38
ORD1324,PRD11,8,136.18,214.85
ORD1324,PRD12,6,117.02,185.71
ORD1324,PRD06,8,54.19,94.05
ORD1325,PRD22,5,266.42,403.02
ORD1325,PRD08,7,72.46,102.05
ORD1325,PRD04,3,131.99,239.13
ORD1326,PRD16,9,165.13,269.32
ORD1326,PRD05,8,101.7,153.52
ORD1327,PRD02,3,24.75,34.72
ORD1327,PRD13,8,239.25,420.29
ORD1327,PRD04,6,83.1,133.59
ORD1328,PRD26,1,129.51,208.82
ORD1328,PRD09,10,68.83,103.48
ORD1328,PRD12,9,64.53,91.4
ORD1329,PRD11,9,171.75,246.31
ORD1329,PRD22,2,117.59,193.63
ORD1330,PRD05,6,143.77,213.8
ORD1330,PRD06,7,239.93,425.21
ORD1330,PRD21,3,107.28,175.09
ORD1331,PRD10,10,195.84,324.1
ORD1331,PRD23,8,288.89,391.58
ORD1331,PRD09,10,168.25,262.86
ORD1332,PRD06,1,39.93,66.89
ORD1333,PRD24,2,68.75,109.23
ORD1333,PRD23,2,26.55,36.58
ORD1334,PRD02,7,198.07,264.37
ORD1334,PRD01,2,78.39,134.91
ORD1334,PRD25,7,94.8,158.14
ORD1335,PRD15,3,50.22,69.98
ORD1335,PRD21,1,13.92,22.4
ORD1336,PRD16,9,308.58,467.75
ORD1336,PRD15,3,334.36,484.92
ORD1337,PRD19,10,161.64,230.99
ORD1338,PRD14,9,98.04,158.28
ORD1338,PRD17,9,66.69,117.43
ORD1338,PRD21,5,112.0,186.06
ORD1339,PRD01,3,112.81,175.22
ORD1339,PRD17,1,223.99,345.45
ORD1340,PRD10,7,267.75,399.99
ORD1340,PRD01,1,162.43,276.37
ORD1341,PRD14,3,243.76,358.89
ORD1341,PRD13,7,64.61,114.19
ORD1341,PRD08,4,185.11,260.72
ORD1342,PRD26,5,101.94,145.92
ORD1342,PRD23,5,150.91,209.39
ORD1342,PRD22,3,41.55,72.63
ORD1343,PRD20,5,228.06,351.73
ORD1343,PRD15,6,8.17,14.6
ORD1344,PRD01,5,95.81,138.25
ORD1344,PRD06,1,69.76,120.24
ORD1344,PRD04,8,71.34,112.51
ORD1345,PRD12,1,121.08,168.47
ORD1345,PRD15,3,23.09,32.74
ORD1346,PRD18,8,69.19,94.89
ORD1347,PRD13,2,337.76,487.43
ORD1347,PRD01,7,246.98,386.76
ORD1348,PRD02,2,196.28,262.96
ORD1348,PRD07,8,146.68,197.62
ORD1348,PRD15,6,58.09,83.51
ORD1349,PRD18,5,148.3,243.21
ORD1349,PRD17,6,321.12,444.32
ORD1349,PRD04,4,290.7,486.77
ORD1350,PRD11,3,265.59,398.22
ORD1350,PRD01,7,218.3,395.63
ORD1351,PRD19,8,200.89,345.76
ORD1352,PRD08,3,173.49,252.46
ORD1353,PRD25,1,23.48,34.59
ORD1353,PRD21,9,228.21,396.78
ORD1354,PRD11,9,277.27,395.34
ORD1355,PRD24,1,215.2,346.18
ORD1355,PRD07,3,72.02,129.09
ORD1356,PRD15,9,205.8,350.03
ORD1356,PRD18,3,168.49,274.09
ORD1356,PRD10,8,101.2,141.29
ORD1357,PRD06,3,162.37,227.45
ORD1357,PRD03,9,102.72,186.72
ORD1357,PRD17,9,113.09,192.63
ORD1358,PRD20,6,232.61,389.13
ORD1359,PRD03,7,67.97,98.99
ORD1359,PRD22,9,49.32,81.3
ORD1359,PRD18,7,184.36,322.25
ORD1360,PRD22,3,51.97,93.43
ORD1360,PRD03,2,139.74,245.26
ORD1360,PRD02,10,202.55,322.67
ORD1361,PRD17,10,82.08,131.69
ORD1361,PRD20,10,199.12,360.33
ORD1362,PRD21,8,332.82,464.56
ORD1363,PRD26,1,128.32,183.66
ORD1363,PRD21,7,291.98,411.9
ORD1364,PRD20,5,185.97,266.87
ORD1365,PRD03,9,36.89,53.07
ORD1365,PRD07,9,115.22,195.74
ORD1366,PRD08,3,186.2,281.42
ORD1366,PRD19,2,255.69,384.31
ORD1366,PRD21,8,224.15,352.76
ORD1367,PRD06,3,180.46,277.23
ORD1368,PRD06,8,341.21,467.09
ORD1368,PRD18,9,304.86,495.77
ORD1368,PRD20,6,141.49,209.11
ORD1369,PRD11,10,171.93,275.08
ORD1369,PRD20,9,278.44,463.44
ORD1369,PRD08,8,142.57,226.51
ORD1370,PRD02,1,195.57,261.22
ORD1370,PRD10,5,6.16,8.25
ORD1370,PRD20,4,237.58,428.58
ORD1371,PRD09,9,190.98,287.48
ORD1371,PRD18,2,14.71,23.68
ORD1371,PRD17,3,99.12,136.17
ORD1372,PRD08,5,231.04,406.48
ORD1373,PRD19,2,257.34,363.17
ORD1373,PRD07,3,180.04,246.7
ORD1374,PRD19,5,16.72,23.5
ORD1374,PRD04,7,24.61,43.85
ORD1374,PRD20,6,126.44,177.23
ORD1375,PRD04,4,270.03,375.1
ORD1375,PRD25,1,215.63,318.77
ORD1376,PRD10,9,16.71,25.39
ORD1377,PRD11,9,203.46,350.4
ORD1378,PRD24,10,164.58,289.75
ORD1378,PRD13,7,93.35,148.44
ORD1378,PRD15,3,110.58,171.4
ORD1379,PRD02,5,30.64,47.11
ORD1379,PRD18,3,246.98,382.21
ORD1379,PRD13,4,167.72,246.49
ORD1380,PRD18,10,326.48,498.55
ORD1381,PRD03,5,239.42,389.5
ORD1382,PRD03,7,133.01,214.65
ORD1382,PRD04,6,119.56,175.54
ORD1382,PRD22,5,55.04,88.78
ORD1383,PRD20,8,19.42,27.21
ORD1383,PRD05,4,200.08,344.25
ORD1384,PRD03,1,84.48,125.31
ORD1384,PRD04,3,310.62,435.03
ORD1384,PRD24,1,124.34,174.92
ORD1385,PRD15,1,118.16,169.28
ORD1385,PRD16,4,69.31,105.88
ORD1386,PRD18,10,211.83,366.31
ORD1386,PRD16,1,139.97,191.42
ORD1387,PRD02,1,103.05,145.59
ORD1387,PRD09,10,89.56,139.28
ORD1387,PRD06,1,25.9,37.97
ORD1388,PRD22,1,108.85,149.79
ORD1388,PRD12,7,74.78,119.43
ORD1388,PRD04,2,292.69,452.42
ORD1389,PRD18,4,162.21,252.82
ORD1389,PRD03,1,18.13,24.68
ORD1389,PRD06,5,106.95,170.12
ORD1390,PRD01,6,213.48,343.73
ORD1391,PRD08,5,274.72,406.89
ORD1391,PRD17,7,317.81,445.75
ORD1392,PRD18,5,72.14,116.66
ORD1393,PRD22,2,239.61,366.3
ORD1393,PRD05,10,300.35,436.99
ORD1394,PRD08,3,132.36,216.1
ORD1394,PRD19,10,110.62,168.0
ORD1395,PRD21,3,200.97,292.61
ORD1396,PRD05,5,252.35,345.82
ORD1397,PRD14,3,218.67,329.83
ORD1398,PRD11,2,207.77,280.88
ORD1399,PRD06,6,243.55,420.56
ORD1400,PRD25,6,278.86,440.67
ORD1401,PRD10,5,47.14,80.22
ORD1401,PRD15,3,67.76,96.45
ORD1402,PRD20,10,71.15,119.3
ORD1402,PRD09,1,125.72,182.83
ORD1402,PRD19,8,51.33,71.37
ORD1403,PRD23,6,60.28,96.07
ORD1403,PRD21,8,43.01,73.07
ORD1404,PRD14,1,342.7,463.09
ORD1405,PRD24,4,214.08,380.1
ORD1406,PRD20,6,315.78,434.05
ORD1406,PRD16,7,114.69,205.41
ORD1407,PRD13,7,214.92,307.69
ORD1407,PRD24,10,183.41,270.4
ORD1407,PRD11,1,168.23,262.72
ORD1408,PRD08,9,202.56,271.25
ORD1409,PRD18,7,176.12,260.48
ORD1410,PRD07,5,161.79,222.58
ORD1411,PRD15,7,110.61,150.74
ORD1411,PRD06,9,290.71,452.32
ORD1412,PRD15,9,43.06,61.02
ORD1412,PRD03,9,45.54,71.98
ORD1412,PRD24,8,11.1,17.33
ORD1413,PRD07,5,112.44,165.42
ORD1413,PRD15,3,207.24,360.6
ORD1413,PRD03,2,239.98,354.58
ORD1414,PRD17,7,271.79,364.8
ORD1415,PRD06,7,15.62,26.73
ORD1415,PRD13,6,194.29,284.92
ORD1415,PRD18,3,49.35,85.25
ORD1416,PRD02,5,271.96,366.43
ORD1416,PRD14,5,180.71,315.09
ORD1416,PRD10,3,264.56,480.41
ORD1417,PRD01,8,282.21,428.43
ORD1417,PRD15,1,198.47,305.95
ORD1418,PRD19,8,146.57,229.6
ORD1419,PRD20,9,96.41,142.67
ORD1419,PRD01,4,16.93,29.21
ORD1419,PRD08,6,16.71,23.18
ORD1420,PRD19,6,257.84,460.59
ORD1420,PRD20,7,289.33,496.9
ORD1420,PRD10,5,211.65,307.49
ORD1421,PRD19,3,338.26,483.32
ORD1421,PRD26,6,265.02,466.08
ORD1421,PRD18,5,120.22,164.8
ORD1422,PRD25,7,237.83,422.44
ORD1423,PRD05,5,106.28,167.96
ORD1423,PRD04,4,234.97,349.44
ORD1424,PRD19,9,319.27,493.66
ORD1425,PRD20,5,155.71,216.39
ORD1425,PRD26,5,198.54,265.07
ORD1425,PRD23,6,312.15,463.92
ORD1426,PRD17,8,145.79,248.79
ORD1426,PRD24,10,73.09,120.2
ORD1427,PRD01,2,11.39,16.87
ORD1428,PRD24,4,300.5,400.78
ORD1429,PRD02,6,191.33,282.41
ORD1429,PRD11,1,221.61,322.11
ORD1430,PRD26,5,101.4,153.64
ORD1430,PRD03,1,37.83,61.35
ORD1431,PRD24,10,344.06,480.26
ORD1431,PRD19,4,104.13,168.6
ORD1432,PRD16,3,164.36,243.34
ORD1432,PRD26,9,288.15,448.48
ORD1432,PRD02,7,260.54,464.26
ORD1433,PRD10,6,154.94,279.81
ORD1433,PRD19,10,244.44,344.32
ORD1433,PRD24,6,21.91,37.78
ORD1434,PRD11,7,226.41,315.12
ORD1435,PRD20,10,44.39,62.84
ORD1435,PRD13,5,217.03,354.11
ORD1435,PRD06,1,79.08,139.39
ORD1436,PRD12,8,253.72,415.58
ORD1437,PRD10,6,277.67,393.55
ORD1437,PRD06,2,124.69,224.67
ORD1437,PRD04,8,263.08,452.95
ORD1438,PRD16,9,97.63,158.63
ORD1438,PRD24,2,303.86,411.96
ORD1439,PRD05,1,160.98,232.39
ORD1439,PRD07,9,38.16,62.34
ORD1439,PRD24,1,230.82,345.09
ORD1440,PRD11,8,254.01,445.15
ORD1441,PRD24,10,257.86,380.45
ORD1441,PRD10,4,96.42,163.84
ORD1441,PRD01,5,189.16,268.48
ORD1442,PRD04,3,77.68,140.45
ORD1442,PRD09,10,160.88,282.01
ORD1442,PRD05,9,109.49,178.41
ORD1443,PRD23,5,168.95,289.17
ORD1444,PRD20,9,129.38,224.61
ORD1444,PRD11,8,253.23,452.13
ORD1445,PRD02,7,137.5,199.0
ORD1445,PRD03,10,217.82,316.59
ORD1446,PRD20,5,99.94,169.5
ORD1446,PRD12,9,32.23,43.88
ORD1447,PRD19,2,298.98,407.36
ORD1447,PRD05,8,32.53,53.15
ORD1448,PRD23,8,71.19,119.69
ORD1448,PRD25,10,82.66,132.74
ORD1448,PRD15,3,239.96,351.31
ORD1449,PRD15,1,21.39,37.36
ORD1449,PRD16,8,136.29,233.31
ORD1450,PRD20,3,161.85,256.44
ORD1450,PRD19,2,113.07,166.31
ORD1451,PRD18,7,177.71,297.32
ORD1451,PRD15,4,205.73,276.23
ORD1452,PRD03,4,272.55,407.89
ORD1452,PRD11,7,176.73,285.77
ORD1453,PRD08,2,256.87,370.99
ORD1453,PRD06,8,41.22,61.59
ORD1453,PRD22,6,199.87,279.77
ORD1454,PRD10,7,22.56,39.46
ORD1455,PRD25,8,182.34,324.27
ORD1455,PRD13,4,297.84,409.43
ORD1455,PRD11,1,259.06,379.75
ORD1456,PRD18,7,198.04,309.71
ORD1456,PRD10,4,209.97,342.35
ORD1457,PRD26,7,264.12,360.31
ORD1457,PRD22,2,197.29,293.45
ORD1457,PRD10,9,118.03,205.08
ORD1458,PRD02,9,266.34,484.11
ORD1458,PRD12,9,255.75,411.27
ORD1459,PRD01,7,221.73,352.6
ORD1459,PRD08,6,225.55,357.33
ORD1460,PRD18,3,141.07,240.06
ORD1460,PRD07,7,262.79,422.45
ORD1461,PRD05,3,40.33,71.47
ORD1461,PRD10,1,55.45,76.28
ORD1462,PRD14,3,204.46,322.91
ORD1462,PRD05,8,308.24,447.32
ORD1462,PRD03,7,200.92,313.51
ORD1463,PRD18,7,106.21,180.88
ORD1463,PRD15,10,5.64,8.68
ORD1464,PRD08,5,137.36,208.36
ORD1464,PRD23,6,12.02,21.56
ORD1464,PRD17,8,202.67,353.92
ORD1465,PRD23,3,240.12,366.44
ORD1465,PRD03,5,133.01,235.14
ORD1466,PRD03,2,226.05,343.62
ORD1466,PRD08,10,89.52,159.69
ORD1466,PRD16,6,148.99,269.84
ORD1467,PRD17,10,233.54,368.24
ORD1467,PRD16,5,82.53,148.16
ORD1468,PRD24,10,90.51,133.92
ORD1468,PRD10,10,49.7,88.69
ORD1468,PRD26,5,273.59,405.4
ORD1469,PRD16,3,183.87,255.27
ORD1469,PRD03,5,87.36,129.77
ORD1470,PRD09,2,222.46,303.89
ORD1470,PRD01,3,206.7,331.28
ORD1471,PRD09,4,173.94,245.03
ORD1472,PRD11,2,323.74,483.84
ORD1473,PRD16,7,230.87,386.33
ORD1474,PRD24,3,76.22,109.37
ORD1474,PRD21,6,19.23,31.89
ORD1475,PRD02,3,151.43,234.69
ORD1476,PRD24,9,82.86,120.66
ORD1476,PRD25,7,138.92,239.92
ORD1477,PRD01,8,119.0,194.09
ORD1477,PRD10,9,191.47,343.02
ORD1478,PRD21,10,331.56,459.43
ORD1478,PRD12,6,98.62,138.81
ORD1478,PRD14,5,206.63,328.9
ORD1479,PRD24,10,252.7,386.4
ORD1479,PRD08,3,88.38,160.07
ORD1479,PRD22,1,230.18,416.69
ORD1480,PRD17,2,213.58,344.32
ORD1481,PRD10,1,9.51,16.73
ORD1481,PRD09,10,236.65,330.02
ORD1481,PRD07,10,221.9,320.85
ORD1482,PRD03,10,47.21,69.3
ORD1483,PRD19,2,209.84,349.35
ORD1483,PRD26,8,187.59,331.94
ORD1483,PRD06,8,279.47,461.73
ORD1484,PRD23,6,93.48,132.38
ORD1484,PRD22,5,244.15,389.67
ORD1485,PRD02,5,52.49,93.08
ORD1485,PRD09,4,179.86,307.1
ORD1486,PRD04,9,228.87,385.51
ORD1486,PRD05,2,316.56,456.74
ORD1487,PRD02,2,27.72,39.85
ORD1488,PRD01,3,180.55,328.17
ORD1488,PRD16,1,201.49,333.98
ORD1489,PRD11,1,191.96,260.11
ORD1489,PRD13,8,152.45,241.68
ORD1489,PRD19,2,149.98,272.36
ORD1490,PRD25,10,202.03,269.98
ORD1490,PRD16,6,215.82,342.51
ORD1490,PRD04,2,133.94,185.85
ORD1491,PRD03,5,190.62,325.66
ORD1491,PRD15,1,330.1,483.92
ORD1492,PRD23,2,197.23,317.16
ORD1492,PRD13,2,282.57,443.18
ORD1493,PRD05,1,69.8,100.58
ORD1494,PRD08,2,269.71,397.41
ORD1494,PRD16,8,193.05,269.3
ORD1494,PRD13,8,267.48,483.45
ORD1495,PRD02,1,121.86,205.73
ORD1495,PRD11,9,158.99,231.89
ORD1496,PRD05,4,257.94,462.78
ORD1496,PRD24,3,136.79,247.0
ORD1496,PRD19,10,19.1,27.67
ORD1497,PRD01,3,232.56,318.17
ORD1498,PRD15,10,59.8,89.49
ORD1499,PRD04,8,201.61,299.51
ORD1500,PRD26,4,153.84,215.97
